"","str_sub.addr.3...2..3."
"1","Me"
"2","US"
"3","Co"
"4",NA
"5","ND"
"6","CA"
"7","CA"
"8","CA"
"9",NA
"10",NA
"11",NA
"12",NA
"13","Mi"
"14","34"
"15","Ir"
"16","Ir"
"17","DE"
"18","22"
"19","22"
"20","US"
"21","US"
"22","KS"
"23","CT"
"24","CA"
"25","US"
"26","MD"
"27","NE"
"28","OR"
"29","OR"
"30","OR"
"31","OR"
"32","OR"
"33","OR"
"34","OR"
"35","CA"
"36","NC"
"37","NC"
"38","NC"
"39","NC"
"40","NC"
"41","NC"
"42","NC"
"43","NC"
"44","NC"
"45","MD"
"46","CA"
"47","CA"
"48","DC"
"49","NY"
"50","KS"
"51","45"
"52","45"
"53","45"
"54","45"
"55","45"
"56","45"
"57","45"
"58",NA
"59",NA
"60",NA
"61",NA
"62",NA
"63",NA
"64",NA
"65","FL"
"66","OH"
"67","OH"
"68","OH"
"69","OH"
"70","22"
"71","LA"
"72","72"
"73","72"
"74","Sa"
"75","DC"
"76","Me"
"77","Me"
"78","Me"
"79","Me"
"80","Me"
"81","Oa"
"82","Ge"
"83","AR"
"84",NA
"85","WV"
"86","WV"
"87","WV"
"88","WV"
"89","WV"
"90","WV"
"91","WV"
"92","WV"
"93","WV"
"94","WV"
"95","WV"
"96","WV"
"97","WV"
"98","WV"
"99","WV"
"100","WV"
"101","WV"
"102","WV"
"103","WV"
"104","WV"
"105","WV"
"106","WV"
"107","WV"
"108","WV"
"109","WV"
"110","WV"
"111","WV"
"112","WV"
"113","WV"
"114","WV"
"115","WV"
"116","WV"
"117","WV"
"118","WV"
"119","WV"
"120","WV"
"121","WV"
"122","WV"
"123","WV"
"124","WV"
"125","WV"
"126","WV"
"127","KS"
"128","WI"
"129","WI"
"130","WI"
"131","IL"
"132","38"
"133","TX"
"134","NY"
"135","Ne"
"136","CT"
"137","CT"
"138","CT"
"139",NA
"140","Ca"
"141","NY"
"142","No"
"143","No"
"144","No"
"145","No"
"146","WI"
"147","MA"
"148","Oa"
"149","IL"
"150","MI"
"151","MI"
"152","ON"
"153","QC"
"154","er"
"155","MS"
"156",NA
"157","Co"
"158","DC"
"159","DC"
"160","MA"
"161","PA"
"162","VA"
"163","Lo"
"164","Lo"
"165","Lo"
"166","FL"
"167","Ta"
"168","CA"
"169","No"
"170","VA"
"171","MA"
"172","VA"
"173","VA"
"174","DC"
"175","er"
"176","er"
"177",NA
"178",NA
"179","MI"
"180","Sw"
"181","UK"
"182","UK"
"183","UK"
"184","DC"
"185","DC"
"186","MA"
"187","MA"
"188",NA
"189","NY"
"190","TX"
"191","MA"
"192","22"
"193","UT"
"194","UT"
"195","FL"
"196","Me"
"197","Me"
"198","Me"
"199","Me"
"200","NY"
"201","KS"
"202","22"
"203","22"
"204","SC"
"205","WA"
"206","AB"
"207","Ré"
"208","01"
"209","NY"
"210",NA
"211","Me"
"212","Me"
"213","KS"
"214","er"
"215","OR"
"216","OR"
"217","OR"
"218","OR"
"219","OR"
"220","OR"
"221","OR"
"222","US"
"223","Th"
"224","Ch"
"225","US"
"226","NV"
"227","St"
"228","Sa"
"229","Sa"
"230","Sa"
"231","Sa"
"232","Sa"
"233","Sa"
"234","Sa"
"235","Sa"
"236","Sa"
"237","Sa"
"238","VA"
"239","NY"
"240","42"
"241","42"
"242","MA"
"243","KS"
"244","MD"
"245","00"
"246","Me"
"247","CT"
"248","AB"
"249","Mi"
"250","TX"
"251","AB"
"252","AB"
"253","63"
"254","CA"
"255","CA"
"256","US"
"257",NA
"258","MN"
"259","GA"
"260","FL"
"261",NA
"262",NA
"263",NA
"264","IL"
"265","TX"
"266","TX"
"267","MA"
"268","NY"
"269","KS"
"270","Me"
"271","Me"
"272","Me"
"273","IN"
"274","KS"
"275","63"
"276","PA"
"277","KS"
"278","KS"
"279","KS"
"280","KS"
"281","KS"
"282","KS"
"283","NY"
"284","CO"
"285","MA"
"286","MA"
"287",NA
"288","KS"
"289","CA"
"290",NA
"291","Co"
"292",NA
"293",NA
"294","IA"
"295",NA
"296","ON"
"297","IL"
"298","TX"
"299","NC"
"300","NC"
"301","NC"
"302","NC"
"303","NC"
"304","NC"
"305","NC"
"306","NC"
"307","NC"
"308","NC"
"309","NC"
"310","NC"
"311","NC"
"312","NC"
"313","KS"
"314","KS"
"315","DF"
"316","GA"
"317","GA"
"318","GA"
"319","GA"
"320","GA"
"321","GA"
"322","GA"
"323","ND"
"324","TX"
"325","TX"
"326","TX"
"327","NY"
"328","Au"
"329","CA"
"330","CA"
"331","CA"
"332","CA"
"333","CA"
"334","CA"
"335","CA"
"336","US"
"337","LA"
"338","OR"
"339","78"
"340","IN"
"341","MA"
"342","CA"
"343","Co"
"344","MA"
"345",NA
"346","TX"
"347","CA"
"348","CA"
"349","NY"
"350","AZ"
"351","Sa"
"352","38"
"353","08"
"354","NJ"
"355","NC"
"356","AK"
"357","Wo"
"358","Mi"
"359","42"
"360","IA"
"361","ON"
"362","WA"
"363","RI"
"364","Kh"
"365","KS"
"366","KS"
"367","ND"
"368","KS"
"369","CA"
"370","MA"
"371","MN"
"372","Mi"
"373","Mi"
"374","Mi"
"375","Mi"
"376","UK"
"377","SD"
"378","SD"
"379","SD"
"380","NY"
"381","NY"
"382","MO"
"383","KS"
"384","KS"
"385","UK"
"386","MA"
"387","MA"
"388","MA"
"389","MA"
"390","MA"
"391","MA"
"392","MA"
"393","MA"
"394","MA"
"395","US"
"396","KY"
"397","KY"
"398","KY"
"399","KY"
"400","KY"
"401","KY"
"402","KY"
"403","MA"
"404","MA"
"405","OH"
"406","GA"
"407","IA"
"408","KS"
"409","PA"
"410","KS"
"411","KS"
"412","KS"
"413","KS"
"414","KS"
"415","Ca"
"416","Ca"
"417","Ca"
"418","Ca"
"419","Ca"
"420","Ca"
"421","NY"
"422",NA
"423","FL"
"424","ON"
"425","ON"
"426","MA"
"427","MA"
"428","MO"
"429","Ne"
"430","Ne"
"431","Ne"
"432","Ne"
"433","69"
"434","IA"
"435","ON"
"436","MA"
"437","IL"
"438","IL"
"439","IL"
"440","IL"
"441","OK"
"442","TX"
"443","TX"
"444","St"
"445","OR"
"446","OR"
"447","OR"
"448","OR"
"449","OR"
"450","OR"
"451","NJ"
"452","Se"
"453",NA
"454","NY"
"455",NA
"456","50"
"457","50"
"458","WV"
"459","WV"
"460","VA"
"461","TX"
"462","TX"
"463","ON"
"464","ON"
"465","MD"
"466","MD"
"467","NJ"
"468","MD"
"469","NY"
"470","er"
"471","78"
"472","78"
"473","MA"
"474",NA
"475",NA
"476","IL"
"477","Ja"
"478","Ja"
"479","Ne"
"480","Ne"
"481","Ka"
"482","98"
"483","AZ"
"484","PA"
"485","KS"
"486","KS"
"487","KS"
"488","DE"
"489","OK"
"490","He"
"491","CA"
"492","IL"
"493","IL"
"494","IL"
"495","IL"
"496","IL"
"497","OK"
"498","KS"
"499","KS"
"500","CA"
"501","FL"
"502","KS"
"503","MA"
"504","28"
"505","TX"
"506","TX"
"507","TX"
"508","NY"
"509","WI"
"510","KS"
"511",NA
"512",NA
"513",NA
"514",NA
"515",NA
"516",NA
"517","ND"
"518","NE"
"519","34"
"520","CA"
"521","NC"
"522","CA"
"523","ON"
"524","ON"
"525","Se"
"526","OH"
"527","Oa"
"528","Ho"
"529","Ho"
"530","NY"
"531","AB"
"532","US"
"533","OH"
"534","OH"
"535","OH"
"536","OH"
"537","OH"
"538","CA"
"539","CA"
"540","CA"
"541","CA"
"542","St"
"543","NC"
"544",NA
"545","CT"
"546","CT"
"547","CT"
"548","CA"
"549","SD"
"550","72"
"551","Me"
"552","VA"
"553","US"
"554","DE"
"555","DE"
"556","DE"
"557","ON"
"558","US"
"559","87"
"560","IL"
"561","Sa"
"562","Be"
"563","OH"
"564","Me"
"565","59"
"566","OR"
"567","OR"
"568","US"
"569","Co"
"570","Co"
"571",NA
"572","Se"
"573","Se"
"574","Ca"
"575","Ca"
"576","DE"
"577","He"
"578","He"
"579","He"
"580","TX"
"581","KS"
"582","Se"
"583","CA"
"584","GA"
"585","MI"
"586","56"
"587","KY"
"588","KY"
"589","KY"
"590","KY"
"591","KY"
"592","KS"
"593","He"
"594","FL"
"595","14"
"596","14"
"597","MA"
"598","DC"
"599","DC"
"600","DC"
"601","DC"
"602","Ir"
"603","Ir"
"604","MA"
"605","Ca"
"606","ON"
"607","CA"
"608","Sa"
"609","NY"
"610",NA
"611",NA
"612","NY"
"613","MA"
"614","GA"
"615","KY"
"616","DC"
"617","DC"
"618","83"
"619","83"
"620","FL"
"621","34"
"622","MA"
"623","Co"
"624","NY"
"625","ON"
"626","NY"
"627","70"
"628","70"
"629","WA"
"630","Di"
"631","CA"
"632","KS"
"633","MI"
"634","CA"
"635","MA"
"636","78"
"637","78"
"638","KS"
"639",NA
"640","MA"
"641","MI"
"642","MI"
"643","PA"
"644","US"
"645","US"
"646","88"
"647","36"
"648","UK"
"649","TX"
"650","TN"
"651","TN"
"652","TN"
"653","TN"
"654","IN"
"655","KS"
"656","KS"
"657","KS"
"658","KS"
"659","KS"
"660","KS"
"661","43"
"662","Sa"
"663","IN"
"664","ND"
"665","TX"
"666","Ta"
"667","Ta"
"668","KS"
"669","MA"
"670",NA
"671","KS"
"672","KS"
"673","KS"
"674","KS"
"675","KS"
"676","KS"
"677","KS"
"678","KS"
"679","KS"
"680","KS"
"681","KS"
"682","MO"
"683","NY"
"684","WY"
"685","73"
"686","TX"
"687","WI"
"688","It"
"689","DC"
"690","CT"
"691","CT"
"692","CT"
"693","CT"
"694","CT"
"695","CT"
"696","CT"
"697","CT"
"698","CT"
"699","CT"
"700","NY"
"701","CT"
"702","TX"
"703","UK"
"704","Fr"
"705","PA"
"706","NY"
"707","NY"
"708","NY"
"709","GA"
"710","GA"
"711","GA"
"712","GA"
"713","US"
"714","Me"
"715","US"
"716","AK"
"717","IA"
"718","NM"
"719","NM"
"720","OH"
"721","OH"
"722","OH"
"723","OH"
"724","IA"
"725","OK"
"726","GA"
"727","BC"
"728","Me"
"729","TX"
"730","MA"
"731","Me"
"732","MA"
"733","Me"
"734","Me"
"735","WA"
"736","WA"
"737","37"
"738","37"
"739","NY"
"740","CA"
"741","CA"
"742","Hu"
"743","CO"
"744","TX"
"745","Oa"
"746",NA
"747","OR"
"748","Se"
"749","TX"
"750","NY"
"751","NY"
"752","IA"
"753","Me"
"754","KS"
"755","KS"
"756","MS"
"757","NY"
"758","CA"
"759","Re"
"760","Me"
"761","MA"
"762","IN"
"763","IN"
"764","IN"
"765","OR"
"766","80"
"767","FL"
"768","Ge"
"769","94"
"770","MO"
"771","US"
"772","Me"
"773","72"
"774","Di"
"775","WI"
"776","MD"
"777","CA"
"778","PA"
"779","MD"
"780","MD"
"781","KS"
"782","MA"
"783","TX"
"784","NY"
"785","NY"
"786","42"
"787","KS"
"788","IA"
"789","CA"
"790","CA"
"791","VA"
"792","OK"
"793","UT"
"794",NA
"795","Me"
"796","FL"
"797","KS"
"798","CA"
"799","Ce"
"800","CA"
"801","72"
"802","72"
"803","MN"
"804","KY"
"805","US"
"806","OH"
"807","OH"
"808","NC"
"809","MA"
"810","Sa"
"811","MA"
"812","OR"
"813","Me"
"814","Me"
"815","Me"
"816","Me"
"817","Me"
"818","Me"
"819","Me"
"820","NV"
"821","14"
"822","14"
"823","KS"
"824","KS"
"825","MA"
"826","MA"
"827","Ca"
"828","TX"
"829","KS"
"830","Co"
"831",NA
"832","MA"
"833","MA"
"834","Di"
"835","78"
"836","78"
"837","78"
"838","78"
"839","78"
"840","78"
"841","78"
"842","78"
"843","78"
"844","78"
"845","78"
"846","78"
"847","KS"
"848","AK"
"849","TX"
"850","NY"
"851","MA"
"852","Ho"
"853","OH"
"854","US"
"855","IA"
"856",NA
"857","Ir"
"858","Ir"
"859","NY"
"860","NY"
"861","UK"
"862","PA"
"863","US"
"864","22"
"865","Re"
"866","WI"
"867","MA"
"868","WI"
"869","Re"
"870","Pe"
"871","CA"
"872","US"
"873","PA"
"874","OK"
"875",NA
"876","CA"
"877","KS"
"878","Co"
"879","66"
"880","US"
"881","US"
"882","Ta"
"883","Ce"
"884","Ce"
"885","Ce"
"886","Do"
"887","PA"
"888","ON"
"889","MA"
"890","TX"
"891","US"
"892","MA"
"893","MA"
"894","CO"
"895","NY"
"896","08"
"897","MI"
"898","08"
"899","VA"
"900","VA"
"901","VA"
"902","VA"
"903","VA"
"904","VA"
"905","VA"
"906","VA"
"907","VA"
"908","La"
"909","FL"
"910","28"
"911","TX"
"912","US"
"913","DC"
"914","IA"
"915","MN"
"916","NJ"
"917","NJ"
"918","NJ"
"919","SC"
"920","MA"
"921","OR"
"922","08"
"923","KY"
"924","Ar"
"925","NV"
"926","TX"
"927","GA"
"928","WI"
"929","OR"
"930","NY"
"931","ON"
"932","ON"
"933",NA
"934","NC"
"935","UK"
"936","NC"
"937","MA"
"938","41"
"939","NY"
"940",NA
"941","IN"
"942","Me"
"943",NA
"944","MA"
"945","MA"
"946","MA"
"947","MA"
"948","MA"
"949","MA"
"950","MA"
"951","MA"
"952","Sa"
"953","At"
"954","Re"
"955","Me"
"956","Me"
"957","Me"
"958","Me"
"959","Me"
"960","Me"
"961","MD"
"962","Di"
"963","IN"
"964","Al"
"965","72"
"966","IN"
"967","MA"
"968","Sa"
"969","OR"
"970","IL"
"971","IL"
"972","Ar"
"973","29"
"974","Co"
"975",NA
"976",NA
"977","MA"
"978","OH"
"979","OH"
"980","Ec"
"981","Sa"
"982","28"
"983","CA"
"984","Pe"
"985","Ar"
"986",NA
"987","ID"
"988","IL"
"989","No"
"990","MN"
"991","Me"
"992","Me"
"993",NA
"994","Zo"
"995","UT"
"996","UT"
"997","22"
"998","22"
"999","US"
"1000","MA"
"1001","OR"
"1002","Pa"
"1003","Ca"
"1004",NA
"1005","78"
"1006","OK"
"1007","KY"
"1008","US"
"1009","56"
"1010","KS"
"1011","MA"
"1012","39"
"1013","50"
"1014","Re"
"1015","NV"
"1016","NV"
"1017","IN"
"1018","He"
"1019","NY"
"1020",NA
"1021","FL"
"1022","DC"
"1023","TX"
"1024","MA"
"1025","MA"
"1026","OR"
"1027","Re"
"1028","28"
"1029","98"
"1030","94"
"1031","MD"
"1032","TX"
"1033","AB"
"1034","IA"
"1035","GA"
"1036","MD"
"1037","Me"
"1038","Ve"
"1039","OH"
"1040","27"
"1041","US"
"1042","TX"
"1043","GA"
"1044","ND"
"1045","IA"
"1046","Co"
"1047","NV"
"1048","04"
"1049","04"
"1050","MO"
"1051","Me"
"1052","WA"
"1053","Mi"
"1054","CO"
"1055","US"
"1056","Ge"
"1057","MD"
"1058","IL"
"1059","MN"
"1060","FL"
"1061","CA"
"1062","Me"
"1063","CA"
"1064","Sa"
"1065","KS"
"1066","KS"
"1067","CO"
"1068","OH"
"1069",NA
"1070",NA
"1071","IA"
"1072","13"
"1073","Ec"
"1074","AZ"
"1075","TX"
"1076","VA"
"1077","US"
"1078","OK"
"1079","Co"
"1080","Co"
"1081","IL"
"1082","MA"
"1083","MA"
"1084","NY"
"1085","MA"
"1086","KS"
"1087","Co"
"1088","GA"
"1089","RI"
"1090","Pa"
"1091",NA
"1092","IA"
"1093","CT"
"1094","Me"
"1095","Me"
"1096","MO"
"1097","78"
"1098","78"
"1099","IL"
"1100","FL"
"1101","Do"
"1102","80"
"1103",NA
"1104","OR"
"1105","CO"
"1106","Pa"
"1107","36"
"1108","44"
"1109","Oa"
"1110","NC"
"1111","ON"
"1112","TX"
"1113","PA"
"1114","GA"
"1115","GA"
"1116","MO"
"1117","MO"
"1118","MI"
"1119",NA
"1120","Me"
"1121","16"
"1122","16"
"1123","Me"
"1124","Me"
"1125","Me"
"1126","Me"
"1127","Me"
"1128","Me"
"1129","KS"
"1130","MA"
"1131","MA"
"1132","Fr"
"1133","DE"
"1134","DE"
"1135","DE"
"1136","OR"
"1137","Re"
"1138","NY"
"1139","NY"
"1140",NA
"1141","He"
"1142","Ch"
"1143","St"
"1144","MA"
"1145","US"
"1146","La"
"1147","MD"
"1148","Ta"
"1149",NA
"1150","IL"
"1151","MI"
"1152","MD"
"1153","MD"
"1154","DC"
"1155","VA"
"1156","Le"
"1157","He"
"1158",NA
"1159","IL"
"1160","PA"
"1161","Re"
"1162","20"
"1163","TX"
"1164","TX"
"1165","Ri"
"1166","KS"
"1167","ON"
"1168",NA
"1169","MA"
"1170","NH"
"1171","PA"
"1172","GA"
"1173","VA"
"1174",NA
"1175","Ar"
"1176","MA"
"1177",NA
"1178","Re"
"1179","OK"
"1180","Di"
"1181",NA
"1182","Re"
"1183","37"
"1184","Ch"
"1185","MD"
"1186","Re"
"1187","41"
"1188","MI"
"1189","Mi"
"1190","45"
"1191","NY"
"1192","NY"
"1193","30"
"1194","Ar"
"1195","US"
"1196","FL"
"1197","28"
"1198","H9"
"1199","MA"
"1200","KS"
"1201","Me"
"1202","28"
"1203","24"
"1204","DC"
"1205","UK"
"1206","Ja"
"1207","PA"
"1208","KS"
"1209","Me"
"1210","He"
"1211","MA"
"1212","MN"
"1213",NA
"1214","Ge"
"1215","KS"
"1216","KS"
"1217","KS"
"1218","Lu"
"1219","CO"
"1220","CO"
"1221","78"
"1222","He"
"1223","Xa"
"1224","Ig"
"1225","MA"
"1226","MA"
"1227","Me"
"1228","24"
"1229","SK"
"1230","Me"
"1231","AZ"
"1232","Me"
"1233","Me"
"1234","Me"
"1235","Ac"
"1236","Ge"
"1237","45"
"1238","Ve"
"1239","MA"
"1240","Sa"
"1241","MA"
"1242","IA"
"1243","66"
"1244","MA"
"1245","CA"
"1246","Có"
"1247","Me"
"1248",NA
"1249","Me"
"1250","El"
"1251","Ch"
"1252","IL"
"1253","CA"
"1254","34"
"1255","Xa"
"1256","Me"
"1257","Me"
"1258","Me"
"1259","Me"
"1260","Me"
"1261","IL"
"1262","US"
"1263","US"
"1264","IL"
"1265","MA"
"1266","TN"
"1267","UK"
"1268","ON"
"1269","He"
"1270","PA"
"1271","MA"
"1272","Sa"
"1273","Zo"
"1274","Zo"
"1275","Zo"
"1276","Zo"
"1277","Zo"
"1278","Zo"
"1279","MA"
"1280","MA"
"1281","MA"
"1282","Me"
"1283",NA
"1284",NA
"1285",NA
"1286","CA"
"1287","CA"
"1288","CA"
"1289","Zo"
"1290","Zo"
"1291","Zo"
"1292","Bo"
"1293","CA"
"1294","82"
"1295","Oa"
"1296","Me"
"1297","OR"
"1298","TX"
"1299","Re"
"1300","US"
"1301","MD"
"1302","Ec"
"1303","MA"
"1304","IL"
"1305","FL"
"1306","AZ"
"1307","AL"
"1308","KS"
"1309","IL"
"1310","76"
"1311","Di"
"1312","Sa"
"1313","26"
"1314","IL"
"1315","32"
"1316","AB"
"1317","01"
"1318","IL"
"1319","WA"
"1320",NA
"1321","KS"
"1322","45"
"1323","72"
"1324","Me"
"1325",NA
"1326",NA
"1327","MA"
"1328","Co"
"1329","QC"
"1330","MN"
"1331","56"
"1332",NA
"1333","CA"
"1334","56"
"1335","CA"
"1336","Me"
"1337",NA
"1338","IN"
"1339","MA"
"1340","MO"
"1341","MI"
"1342","He"
"1343","OR"
"1344","US"
"1345",NA
"1346","04"
"1347","MA"
"1348","US"
"1349","00"
"1350","MA"
"1351","MA"
"1352","Il"
"1353","LA"
"1354","Me"
"1355","KS"
"1356","KS"
"1357","FL"
"1358","MA"
"1359","14"
"1360","MA"
"1361","IL"
"1362","At"
"1363","KS"
"1364","22"
"1365","77"
"1366","Sa"
"1367","22"
"1368",NA
"1369","WA"
"1370","Ch"
"1371","Re"
"1372","OR"
"1373","NY"
"1374","NY"
"1375","He"
"1376","85"
"1377","Xa"
"1378","An"
"1379","MA"
"1380","CA"
"1381","AZ"
"1382","US"
"1383","US"
"1384","US"
"1385","US"
"1386","DE"
"1387","DE"
"1388","TX"
"1389","72"
"1390","78"
"1391","78"
"1392","78"
"1393","Co"
"1394","IN"
"1395","CA"
"1396","CA"
"1397","CA"
"1398","CA"
"1399","CA"
"1400","CA"
"1401","MA"
"1402","82"
"1403","IL"
"1404","Me"
"1405","KS"
"1406",NA
"1407","MA"
"1408","MA"
"1409","OR"
"1410","Pu"
"1411","32"
"1412","He"
"1413","Ar"
"1414","FL"
"1415","85"
"1416","Sa"
"1417","UK"
"1418","NJ"
"1419","MA"
"1420","Me"
"1421","ON"
"1422","IL"
"1423","MA"
"1424","FL"
"1425","TX"
"1426","TX"
"1427","36"
"1428","MA"
"1429","44"
"1430","An"
"1431","Oa"
"1432","Oa"
"1433","50"
"1434","90"
"1435","Gt"
"1436","PA"
"1437","VA"
"1438","MA"
"1439","MN"
"1440","NJ"
"1441","MA"
"1442","54"
"1443","Ec"
"1444","45"
"1445","NV"
"1446","Sa"
"1447","ND"
"1448",NA
"1449","TX"
"1450","36"
"1451","Oa"
"1452","MA"
"1453","Co"
"1454",NA
"1455","ON"
"1456","Ne"
"1457",NA
"1458","NJ"
"1459","NJ"
"1460","NJ"
"1461","NJ"
"1462","NJ"
"1463","NJ"
"1464","NJ"
"1465","NJ"
"1466","NJ"
"1467","NJ"
"1468","Re"
"1469","Sa"
"1470","WA"
"1471","TX"
"1472","20"
"1473","20"
"1474","20"
"1475","20"
"1476","AL"
"1477","CO"
"1478","04"
"1479","76"
"1480","04"
"1481","89"
"1482","MA"
"1483","Sa"
"1484","WA"
"1485","Me"
"1486","Sa"
"1487","MA"
"1488","Oa"
"1489","20"
"1490","20"
"1491","20"
"1492","20"
"1493","89"
"1494","Me"
"1495","Me"
"1496","Me"
"1497","Me"
"1498","Me"
"1499","IL"
"1500","36"
"1501","Ec"
"1502","Pe"
"1503","OH"
"1504","47"
"1505","He"
"1506","29"
"1507","DC"
"1508","OR"
"1509","Ec"
"1510","ID"
"1511","Me"
"1512","Cu"
"1513","GA"
"1514","TX"
"1515",NA
"1516","MA"
"1517",NA
"1518","Ne"
"1519","04"
"1520","Me"
"1521","CA"
"1522",NA
"1523","An"
"1524",NA
"1525","Ar"
"1526","Xa"
"1527","26"
"1528","26"
"1529","26"
"1530","ME"
"1531","ON"
"1532","NY"
"1533",NA
"1534",NA
"1535","22"
"1536",NA
"1537","VA"
"1538","Sa"
"1539","DC"
"1540","Co"
"1541","NY"
"1542","NY"
"1543",NA
"1544","MA"
"1545","37"
"1546","NV"
"1547","NV"
"1548","MA"
"1549","NY"
"1550","91"
"1551","45"
"1552","78"
"1553","Ec"
"1554",NA
"1555","50"
"1556","OR"
"1557","ON"
"1558",NA
"1559","Me"
"1560",NA
"1561","ND"
"1562","Me"
"1563","MA"
"1564","97"
"1565","Sa"
"1566","Po"
"1567","Ch"
"1568","27"
"1569","50"
"1570","CA"
"1571",NA
"1572","14"
"1573","MA"
"1574","MA"
"1575","IL"
"1576","08"
"1577","Re"
"1578","94"
"1579","77"
"1580","Au"
"1581","DC"
"1582","Me"
"1583",NA
"1584","CA"
"1585","Mi"
"1586","Me"
"1587",NA
"1588","48"
"1589","97"
"1590","77"
"1591","OH"
"1592","Me"
"1593","KS"
"1594","50"
"1595","45"
"1596",NA
"1597","Ec"
"1598",NA
"1599","Nu"
"1600","Me"
"1601","Me"
"1602","NY"
"1603","77"
"1604",NA
"1605","TX"
"1606","78"
"1607","78"
"1608","78"
"1609","78"
"1610","78"
"1611","78"
"1612","78"
"1613","78"
"1614","Me"
"1615","Me"
"1616","MA"
"1617","CA"
"1618","MA"
"1619","77"
"1620","Pa"
"1621","OR"
"1622","Me"
"1623","OR"
"1624","36"
"1625","DC"
"1626","83"
"1627","93"
"1628",NA
"1629","NY"
"1630","Re"
"1631","37"
"1632","MA"
"1633","DC"
"1634","El"
"1635","36"
"1636","83"
"1637","81"
"1638","38"
"1639","Cu"
"1640","MA"
"1641","SC"
"1642","Me"
"1643","Ig"
"1644","82"
"1645","Cd"
"1646","67"
"1647","He"
"1648","MA"
"1649","Pe"
"1650","MA"
"1651","ND"
"1652","ND"
"1653","Me"
"1654","Me"
"1655","FL"
"1656",NA
"1657","Me"
"1658","Me"
"1659","GA"
"1660","At"
"1661",NA
"1662","IL"
"1663","IL"
"1664","IL"
"1665","IL"
"1666","IL"
"1667","IL"
"1668",NA
"1669","MA"
"1670","78"
"1671","78"
"1672","78"
"1673",NA
"1674","TX"
"1675","Ch"
"1676","Me"
"1677","MA"
"1678","MA"
"1679","Sa"
"1680","DC"
"1681","He"
"1682","DE"
"1683","Ec"
"1684","Me"
"1685","MA"
"1686","Re"
"1687","Zo"
"1688","MA"
"1689","NJ"
"1690","NJ"
"1691","IA"
"1692","Co"
"1693","UK"
"1694","CA"
"1695","KS"
"1696","US"
"1697","US"
"1698","NY"
"1699","TN"
"1700",NA
"1701","CA"
"1702","CA"
"1703","Ug"
"1704","ON"
"1705","Sã"
"1706","GA"
"1707","KS"
"1708","Co"
"1709","MD"
"1710","CA"
"1711","04"
"1712","04"
"1713","27"
"1714","27"
"1715","27"
"1716","27"
"1717","27"
"1718","CA"
"1719","PA"
"1720","PA"
"1721","OH"
"1722","34"
"1723","34"
"1724","34"
"1725","34"
"1726","34"
"1727","34"
"1728","34"
"1729","34"
"1730","34"
"1731","IL"
"1732","IL"
"1733","Me"
"1734","Mo"
"1735","St"
"1736","KS"
"1737","NY"
"1738","TX"
"1739","UK"
"1740","CA"
"1741","KS"
"1742","De"
"1743","AZ"
"1744","45"
"1745",NA
"1746",NA
"1747","81"
"1748","TX"
"1749","OH"
"1750","De"
"1751","IL"
"1752","Lo"
"1753","OH"
"1754","OH"
"1755","OH"
"1756","OH"
"1757","OH"
"1758","OH"
"1759","OH"
"1760","OH"
"1761","OH"
"1762","OH"
"1763","OH"
"1764","OH"
"1765","45"
"1766","MI"
"1767","80"
"1768","FL"
"1769","14"
"1770","63"
"1771","63"
"1772","UK"
"1773","UK"
"1774","42"
"1775","CA"
"1776","Re"
"1777","GA"
"1778","GA"
"1779","GA"
"1780","Me"
"1781","OR"
"1782","KS"
"1783","MO"
"1784","80"
"1785","KS"
"1786","IN"
"1787","MB"
"1788","GA"
"1789","GA"
"1790","GA"
"1791","US"
"1792","78"
"1793","SC"
"1794","45"
"1795","NE"
"1796","NJ"
"1797","63"
"1798","78"
"1799","AR"
"1800","TX"
"1801","Sa"
"1802","78"
"1803","ON"
"1804","42"
"1805","42"
"1806","00"
"1807","NY"
"1808","MA"
"1809","42"
"1810","KS"
"1811","OH"
"1812","80"
"1813","UT"
"1814","53"
"1815","Ir"
"1816","44"
"1817","NY"
"1818","50"
"1819","CT"
"1820","CT"
"1821","CT"
"1822","42"
"1823","IA"
"1824","US"
"1825","US"
"1826","71"
"1827","80"
"1828","MA"
"1829","IL"
"1830","42"
"1831","42"
"1832","Ca"
"1833","Ca"
"1834","Ca"
"1835","Ca"
"1836","Zo"
"1837","LA"
"1838","CA"
"1839","GA"
"1840","MA"
"1841","DC"
"1842","NY"
"1843","AB"
"1844","78"
"1845","US"
"1846","MD"
"1847",NA
"1848","Ka"
"1849","MD"
"1850","UT"
"1851","Bl"
"1852","GA"
"1853","MT"
"1854","WI"
"1855","De"
"1856","MI"
"1857","MI"
"1858","MI"
"1859","MI"
"1860","MI"
"1861","AB"
"1862","KS"
"1863","AB"
"1864","50"
"1865","45"
"1866","KS"
"1867","Du"
"1868","Du"
"1869","FL"
"1870","US"
"1871","US"
"1872","MO"
"1873","45"
"1874","45"
"1875","45"
"1876","93"
"1877","93"
"1878","Xa"
"1879","UK"
"1880","NY"
"1881","NJ"
"1882","TX"
"1883","US"
"1884","US"
"1885","US"
"1886","85"
"1887","OH"
"1888","UK"
"1889","CT"
"1890","00"
"1891","KS"
"1892","TX"
"1893","ON"
"1894","Co"
"1895","GA"
"1896","MD"
"1897","NJ"
"1898","NM"
"1899","ON"
"1900","Ir"
"1901","Ir"
"1902","Ir"
"1903","Du"
"1904","Du"
"1905","TX"
"1906","NY"
"1907","NY"
"1908","Fa"
"1909","US"
"1910","US"
"1911","US"
"1912","US"
"1913","43"
"1914","MD"
"1915","MD"
"1916","MD"
"1917","MI"
"1918","MI"
"1919","MI"
"1920","MI"
"1921","NC"
"1922","UT"
"1923","UT"
"1924","FL"
"1925","FL"
"1926","FL"
"1927","FL"
"1928","WI"
"1929","KS"
"1930","DC"
"1931","78"
"1932","78"
"1933","Me"
"1934","Me"
"1935","Me"
"1936","Me"
"1937","Me"
"1938","NC"
"1939","US"
"1940","MI"
"1941","78"
"1942","MI"
"1943","MI"
"1944","MI"
"1945","MI"
"1946","CO"
"1947","CO"
"1948",NA
"1949","KS"
"1950","Fi"
"1951","ON"
"1952","PA"
"1953","IA"
"1954","ON"
"1955","TN"
"1956","VA"
"1957","VA"
"1958","NY"
"1959","El"
"1960","MD"
"1961","Sa"
"1962","Sa"
"1963","KS"
"1964","Mi"
"1965","Sa"
"1966","NJ"
"1967","KS"
"1968","MI"
"1969","KS"
"1970","WI"
"1971","KS"
"1972","MO"
"1973","89"
"1974","IN"
"1975","FL"
"1976","MA"
"1977","Br"
"1978","Gl"
"1979","NY"
"1980","Au"
"1981",NA
"1982","Ca"
"1983","Au"
"1984","Ma"
"1985","TN"
"1986","TN"
"1987","De"
"1988",NA
"1989","OK"
"1990","OR"
"1991","Ir"
"1992","OK"
"1993","Mo"
"1994",NA
"1995","Au"
"1996","NV"
"1997","NY"
"1998",NA
"1999","CA"
"2000","CA"
"2001","CA"
"2002","UK"
"2003","UK"
"2004","UK"
"2005","UK"
"2006","UK"
"2007","Sw"
"2008","US"
"2009","Me"
"2010","Me"
"2011","CA"
"2012","50"
"2013","CA"
"2014","Me"
"2015","CA"
"2016","CA"
"2017","CA"
"2018","MN"
"2019","OR"
"2020","82"
"2021","82"
"2022","US"
"2023","ID"
"2024","Xa"
"2025","LA"
"2026","KS"
"2027","CA"
"2028","MA"
"2029","WA"
"2030","Se"
"2031","Se"
"2032","El"
"2033","MO"
"2034","62"
"2035","MO"
"2036","AR"
"2037","00"
"2038",NA
"2039","WA"
"2040",NA
"2041","IN"
"2042","MD"
"2043","DC"
"2044","27"
"2045","MO"
"2046","CA"
"2047","MI"
"2048","MI"
"2049","MI"
"2050","MI"
"2051","MI"
"2052","US"
"2053","CA"
"2054",NA
"2055","DC"
"2056","KS"
"2057","KS"
"2058","KS"
"2059","KS"
"2060","78"
"2061","Me"
"2062","45"
"2063","IN"
"2064",NA
"2065","Gu"
"2066","NY"
"2067","NY"
"2068","IN"
"2069","PA"
"2070","MO"
"2071","AZ"
"2072","Se"
"2073","IN"
"2074","MN"
"2075","MN"
"2076","Se"
"2077","Se"
"2078","42"
"2079","MN"
"2080","TX"
"2081","MN"
"2082","Co"
"2083","St"
"2084","80"
"2085","MN"
"2086","78"
"2087","IL"
"2088","OK"
"2089","27"
"2090","OR"
"2091","OH"
"2092","OH"
"2093","Me"
"2094","Me"
"2095","Me"
"2096","RI"
"2097","IA"
"2098","OH"
"2099","US"
"2100","BC"
"2101","OH"
"2102","ME"
"2103","OH"
"2104","KS"
"2105","Me"
"2106","Me"
"2107","US"
"2108","AB"
"2109","Me"
"2110","US"
"2111","US"
"2112","Ol"
"2113","Ol"
"2114","KS"
"2115","26"
"2116","Ma"
"2117","MA"
"2118","KS"
"2119","Me"
"2120","Me"
"2121","CA"
"2122","KS"
"2123","Ca"
"2124","MN"
"2125","WA"
"2126","Me"
"2127","KS"
"2128","US"
"2129","04"
"2130","NY"
"2131","Ca"
"2132","CA"
"2133","OK"
"2134","IN"
"2135","IN"
"2136","MA"
"2137","MA"
"2138","SC"
"2139","MO"
"2140","MO"
"2141","45"
"2142","PA"
"2143","DC"
"2144","45"
"2145","45"
"2146","45"
"2147","45"
"2148","NJ"
"2149","Me"
"2150","78"
"2151","MA"
"2152","Se"
"2153","Re"
"2154",NA
"2155",NA
"2156","St"
"2157","SK"
"2158","WY"
"2159","KS"
"2160","KS"
"2161","UK"
"2162","42"
"2163","TX"
"2164","MO"
"2165","An"
"2166","MO"
"2167","NY"
"2168","PA"
"2169","MA"
"2170","TX"
"2171","IN"
"2172","Me"
"2173","SK"
"2174",NA
"2175","Me"
"2176","VA"
"2177","28"
"2178","28"
"2179","MO"
"2180","MA"
"2181","50"
"2182","50"
"2183","50"
"2184","42"
"2185","42"
"2186","42"
"2187","KS"
"2188","CO"
"2189","CA"
"2190","ON"
"2191","71"
"2192",NA
"2193","ND"
"2194","US"
"2195","Sa"
"2196","MO"
"2197","CA"
"2198","28"
"2199","MO"
"2200","68"
"2201","Oa"
"2202","70"
"2203","Sa"
"2204","Sa"
"2205","Sa"
"2206","Ca"
"2207","78"
"2208","Do"
"2209","50"
"2210","Do"
"2211","DE"
"2212","MO"
"2213","CA"
"2214","MO"
"2215","MO"
"2216","FL"
"2217","MA"
"2218","De"
"2219","US"
"2220","CO"
"2221","80"
"2222","TX"
"2223","MA"
"2224","Ch"
"2225","Hg"
"2226",NA
"2227",NA
"2228","DC"
"2229","ON"
"2230","45"
"2231","PA"
"2232","Sa"
"2233","SC"
"2234","KS"
"2235","Sa"
"2236","UK"
"2237","MO"
"2238","NY"
"2239","US"
"2240","42"
"2241","DE"
"2242","42"
"2243","OR"
"2244","MT"
"2245","Me"
"2246","WI"
"2247","Lo"
"2248","MN"
"2249","TX"
"2250","TX"
"2251","TX"
"2252","50"
"2253","Co"
"2254","Co"
"2255","De"
"2256","90"
"2257","62"
"2258","MI"
"2259","45"
"2260","Mi"
"2261","Re"
"2262","OK"
"2263","US"
"2264","US"
"2265","Se"
"2266","45"
"2267","45"
"2268","Ug"
"2269","Re"
"2270","Me"
"2271","GA"
"2272","KS"
"2273","KS"
"2274","KS"
"2275","NY"
"2276","OH"
"2277","KS"
"2278","45"
"2279","62"
"2280","Ir"
"2281","45"
"2282","WI"
"2283","Fi"
"2284","39"
"2285","39"
"2286","CA"
"2287","IA"
"2288","NY"
"2289","TX"
"2290","IL"
"2291","US"
"2292","US"
"2293","77"
"2294","TX"
"2295","WA"
"2296","KS"
"2297","MA"
"2298","GA"
"2299","St"
"2300","IA"
"2301","Re"
"2302","ND"
"2303","Sa"
"2304","CO"
"2305","OR"
"2306","MA"
"2307","43"
"2308","IA"
"2309","MB"
"2310","MB"
"2311","Zo"
"2312","KY"
"2313","KY"
"2314","72"
"2315","Mc"
"2316","MA"
"2317","Sa"
"2318","ON"
"2319","KS"
"2320","AL"
"2321","Oa"
"2322","98"
"2323","78"
"2324","78"
"2325","78"
"2326","Ce"
"2327","53"
"2328","MN"
"2329","KS"
"2330","KS"
"2331","NY"
"2332","NY"
"2333","NY"
"2334","NY"
"2335","NY"
"2336","50"
"2337","KS"
"2338","32"
"2339","Ca"
"2340","MA"
"2341","Fr"
"2342","MA"
"2343","Ca"
"2344","VA"
"2345","45"
"2346","45"
"2347","OH"
"2348","45"
"2349","OK"
"2350","GA"
"2351","US"
"2352","TX"
"2353","ON"
"2354","MA"
"2355","NE"
"2356","NY"
"2357","NY"
"2358","MN"
"2359","50"
"2360","Me"
"2361","MA"
"2362","CO"
"2363","TN"
"2364","Mi"
"2365","CA"
"2366","KY"
"2367","98"
"2368","Ca"
"2369","US"
"2370",NA
"2371","Ca"
"2372","MD"
"2373","US"
"2374","KS"
"2375","KS"
"2376","MI"
"2377","OH"
"2378","Co"
"2379","NE"
"2380","VA"
"2381","NJ"
"2382","NC"
"2383","NY"
"2384","NY"
"2385","NY"
"2386","26"
"2387","Co"
"2388","OH"
"2389","MN"
"2390","UK"
"2391","KS"
"2392","MA"
"2393","VA"
"2394","PA"
"2395","MD"
"2396","MD"
"2397","Au"
"2398","IA"
"2399","TX"
"2400","VA"
"2401","KS"
"2402","CA"
"2403","00"
"2404","Fi"
"2405","Fi"
"2406","KS"
"2407","UK"
"2408","Ed"
"2409","OH"
"2410","US"
"2411","Op"
"2412","Au"
"2413","UK"
"2414","KS"
"2415","28"
"2416","er"
"2417","28"
"2418","CA"
"2419","50"
"2420","Zo"
"2421","Me"
"2422","MN"
"2423","Cu"
"2424","LA"
"2425","Sa"
"2426","82"
"2427","St"
"2428","He"
"2429","CA"
"2430","US"
"2431","MA"
"2432","La"
"2433","28"
"2434","MA"
"2435","Me"
"2436","CA"
"2437","52"
"2438","KS"
"2439","VA"
"2440","VA"
"2441","CA"
"2442","KS"
"2443","CA"
"2444","MN"
"2445","Ir"
"2446","MA"
"2447","AZ"
"2448","CA"
"2449","CA"
"2450","TX"
"2451",NA
"2452","37"
"2453","AL"
"2454","Fr"
"2455","CA"
"2456","TX"
"2457","PA"
"2458","SC"
"2459","KS"
"2460","KS"
"2461","CA"
"2462","72"
"2463","MA"
"2464","MA"
"2465","Au"
"2466","SD"
"2467","SD"
"2468","OR"
"2469","DC"
"2470","US"
"2471","IL"
"2472","TX"
"2473","Sa"
"2474","OK"
"2475","OK"
"2476","50"
"2477","OR"
"2478","PA"
"2479","IA"
"2480","Me"
"2481","ON"
"2482","KS"
"2483","GA"
"2484","TX"
"2485","TX"
"2486","39"
"2487","37"
"2488","42"
"2489","42"
"2490","CA"
"2491","KS"
"2492","MA"
"2493","MA"
"2494","MA"
"2495","US"
"2496","OR"
"2497","OR"
"2498","MO"
"2499","45"
"2500","78"
"2501","45"
"2502","45"
"2503","45"
"2504","45"
"2505","KS"
"2506","KS"
"2507","VA"
"2508","US"
"2509","US"
"2510","Me"
"2511","IL"
"2512","KS"
"2513","VA"
"2514","26"
"2515","26"
"2516","MA"
"2517","45"
"2518","Me"
"2519","Me"
"2520","Co"
"2521","MA"
"2522","IN"
"2523","NE"
"2524","MA"
"2525","MA"
"2526","Sa"
"2527","Sa"
"2528","78"
"2529","78"
"2530","78"
"2531",NA
"2532","AZ"
"2533","IL"
"2534","VA"
"2535","MD"
"2536","50"
"2537","50"
"2538","CA"
"2539","TX"
"2540","50"
"2541","OR"
"2542","PA"
"2543","NY"
"2544","MA"
"2545","MA"
"2546","OR"
"2547","FL"
"2548","72"
"2549","KS"
"2550","97"
"2551","Ac"
"2552","Ri"
"2553","KS"
"2554","US"
"2555","NY"
"2556","SC"
"2557","MD"
"2558","54"
"2559","MD"
"2560","78"
"2561","78"
"2562","78"
"2563","WA"
"2564","CA"
"2565","Me"
"2566","MA"
"2567","KS"
"2568","Sa"
"2569",NA
"2570","PA"
"2571","MN"
"2572","AZ"
"2573","GA"
"2574","Mi"
"2575","Mi"
"2576","WA"
"2577","78"
"2578","NY"
"2579","NY"
"2580","50"
"2581","WA"
"2582","GA"
"2583",NA
"2584","CA"
"2585","96"
"2586","NC"
"2587",NA
"2588","MS"
"2589","US"
"2590","MD"
"2591","OR"
"2592","US"
"2593","IN"
"2594","GA"
"2595","UK"
"2596","CA"
"2597","28"
"2598","US"
"2599","NY"
"2600","MN"
"2601","MN"
"2602","UT"
"2603","TX"
"2604","MA"
"2605","MA"
"2606","MN"
"2607","GA"
"2608","GA"
"2609",NA
"2610","WA"
"2611","MA"
"2612","Mo"
"2613","OR"
"2614","OK"
"2615","OH"
"2616","ON"
"2617","Me"
"2618","CA"
"2619","91"
"2620","CA"
"2621","NY"
"2622","UK"
"2623","MA"
"2624","KS"
"2625","CA"
"2626","Ch"
"2627","US"
"2628","TX"
"2629","Se"
"2630","Ch"
"2631","Me"
"2632","OR"
"2633","MN"
"2634","OH"
"2635","Th"
"2636","FL"
"2637","KS"
"2638","AZ"
"2639","DC"
"2640","DC"
"2641","78"
"2642","78"
"2643","OK"
"2644",NA
"2645","FL"
"2646","75"
"2647","OH"
"2648","OH"
"2649","IL"
"2650","Se"
"2651","Se"
"2652","OH"
"2653","US"
"2654","CA"
"2655","IA"
"2656","KS"
"2657","OH"
"2658","WV"
"2659","IN"
"2660","MD"
"2661","WY"
"2662","IL"
"2663","KS"
"2664","MN"
"2665","NY"
"2666","KS"
"2667","Me"
"2668","MN"
"2669","OR"
"2670","US"
"2671","MD"
"2672","72"
"2673",NA
"2674","QC"
"2675","TX"
"2676","US"
"2677","UK"
"2678","Xa"
"2679","Me"
"2680","88"
"2681","TX"
"2682","DC"
"2683","Is"
"2684","MA"
"2685","AZ"
"2686","IL"
"2687","MI"
"2688","78"
"2689","GA"
"2690","00"
"2691","AL"
"2692","WA"
"2693","WA"
"2694","CA"
"2695","CA"
"2696","77"
"2697","Me"
"2698","KS"
"2699","Me"
"2700","77"
"2701","CA"
"2702","IL"
"2703","Du"
"2704",NA
"2705","WA"
"2706","Ta"
"2707","GA"
"2708","Du"
"2709","Co"
"2710","SC"
"2711","00"
"2712","CA"
"2713","Ir"
"2714","Ir"
"2715","NY"
"2716","MA"
"2717","IL"
"2718","MA"
"2719","16"
"2720","AZ"
"2721","OR"
"2722","Co"
"2723","PA"
"2724","45"
"2725","Du"
"2726","OH"
"2727","Sw"
"2728","KS"
"2729","US"
"2730","CT"
"2731","CT"
"2732","KS"
"2733","IL"
"2734","28"
"2735","Me"
"2736","OH"
"2737","93"
"2738","NY"
"2739","NY"
"2740","Co"
"2741","AR"
"2742","PA"
"2743",NA
"2744","VA"
"2745","MA"
"2746","MA"
"2747","PA"
"2748","MA"
"2749","IL"
"2750","CA"
"2751","MA"
"2752",NA
"2753","CA"
"2754","KY"
"2755","LA"
"2756","PA"
"2757","37"
"2758","IN"
"2759","US"
"2760","MD"
"2761","Se"
"2762","NY"
"2763","DC"
"2764","CA"
"2765","NY"
"2766","IN"
"2767","Co"
"2768","ON"
"2769","MA"
"2770","Ir"
"2771","OR"
"2772","KY"
"2773","ME"
"2774","MD"
"2775","ON"
"2776","MA"
"2777","CT"
"2778","De"
"2779","De"
"2780","IN"
"2781","72"
"2782","NJ"
"2783","NE"
"2784","MI"
"2785","NY"
"2786",NA
"2787",NA
"2788","28"
"2789","WA"
"2790","KS"
"2791","88"
"2792","De"
"2793","Me"
"2794","MA"
"2795","PA"
"2796","76"
"2797","CA"
"2798","CA"
"2799","TX"
"2800","MA"
"2801","MA"
"2802","MA"
"2803","MA"
"2804","MA"
"2805","KS"
"2806","KS"
"2807","US"
"2808","US"
"2809","UK"
"2810","MA"
"2811","MA"
"2812",NA
"2813","AB"
"2814","CT"
"2815","CO"
"2816","KS"
"2817","SC"
"2818","KY"
"2819","KS"
"2820","CA"
"2821","OR"
"2822","CO"
"2823","KS"
"2824","Se"
"2825","CA"
"2826","MD"
"2827","CA"
"2828","CA"
"2829","CA"
"2830","IN"
"2831","36"
"2832","GA"
"2833",NA
"2834","KS"
"2835","CA"
"2836","WY"
"2837","Me"
"2838","KY"
"2839","28"
"2840","IL"
"2841","45"
"2842","OK"
"2843","Mi"
"2844","WA"
"2845","Ir"
"2846","US"
"2847","CA"
"2848","St"
"2849","Mc"
"2850","CO"
"2851","MA"
"2852","CA"
"2853","CA"
"2854","QC"
"2855","US"
"2856","TX"
"2857","DC"
"2858","OH"
"2859","OH"
"2860","OH"
"2861","OH"
"2862","OH"
"2863","Ig"
"2864","CA"
"2865",NA
"2866","KS"
"2867","28"
"2868","FL"
"2869","FL"
"2870","KS"
"2871","Me"
"2872","KS"
"2873",NA
"2874","CA"
"2875","ON"
"2876","ON"
"2877","Ca"
"2878","KS"
"2879","TN"
"2880","NJ"
"2881","NV"
"2882","CA"
"2883","MI"
"2884","NY"
"2885","CA"
"2886","CA"
"2887","CA"
"2888","OK"
"2889","PA"
"2890","OK"
"2891","KS"
"2892","TX"
"2893","VA"
"2894","Ca"
"2895","KS"
"2896","KS"
"2897","KS"
"2898","OR"
"2899","GA"
"2900","CA"
"2901","36"
"2902","36"
"2903","MA"
"2904","45"
"2905",NA
"2906","NY"
"2907","CA"
"2908","PA"
"2909","US"
"2910","CA"
"2911","VA"
"2912","Po"
"2913","OK"
"2914","42"
"2915","CA"
"2916","CA"
"2917","PA"
"2918","KS"
"2919","US"
"2920","US"
"2921","MN"
"2922","TX"
"2923","IL"
"2924","Ch"
"2925","KS"
"2926","OK"
"2927","KS"
"2928",NA
"2929",NA
"2930","KY"
"2931",NA
"2932","IN"
"2933","IN"
"2934","Me"
"2935","77"
"2936","PA"
"2937","PA"
"2938","FL"
"2939","CA"
"2940","AK"
"2941","KS"
"2942","OH"
"2943","US"
"2944","Ca"
"2945","US"
"2946","US"
"2947","TX"
"2948","CA"
"2949","AZ"
"2950","CO"
"2951","Br"
"2952","KS"
"2953","KS"
"2954","KS"
"2955","HI"
"2956","SC"
"2957","US"
"2958","Ca"
"2959","OH"
"2960","NY"
"2961","TX"
"2962","WI"
"2963","OH"
"2964","IL"
"2965","KS"
"2966","FL"
"2967","KS"
"2968","KY"
"2969","ID"
"2970","LA"
"2971","TN"
"2972","FL"
"2973","Ch"
"2974","US"
"2975","TX"
"2976","KS"
"2977","KS"
"2978","KS"
"2979","KS"
"2980","NY"
"2981","KS"
"2982","TX"
"2983","US"
"2984","OR"
"2985","OR"
"2986","UK"
"2987","NC"
"2988",NA
"2989","KS"
"2990","FL"
"2991","KY"
"2992","GA"
"2993","AZ"
"2994","NC"
"2995","CA"
"2996","KS"
"2997","SC"
"2998","NY"
"2999","10"
"3000","MN"
"3001","US"
"3002","US"
"3003","TX"
"3004","US"
"3005","KS"
"3006","KS"
"3007","DC"
"3008","KS"
"3009","KS"
"3010","MI"
"3011","MO"
"3012","CA"
"3013","MS"
"3014",NA
"3015",NA
"3016","St"
"3017","CA"
"3018","US"
"3019","KS"
"3020","CA"
"3021","KS"
"3022","US"
"3023","OK"
"3024","Me"
"3025","GA"
"3026","Ne"
"3027","AL"
"3028","OH"
"3029","Fr"
"3030","CA"
"3031","CA"
"3032","CA"
"3033","CA"
"3034","CA"
"3035","CA"
"3036","CA"
"3037","CA"
"3038","CA"
"3039","MD"
"3040","KS"
"3041","VA"
"3042","KS"
"3043","AZ"
"3044","TX"
"3045","TX"
"3046","KS"
"3047","TX"
"3048","KS"
"3049","CA"
"3050","SC"
"3051","AZ"
"3052","NY"
"3053","CA"
"3054","Mc"
"3055","AZ"
"3056","US"
"3057","TN"
"3058","CO"
"3059","QC"
"3060","TX"
"3061","FL"
"3062","DE"
"3063","KS"
"3064","CA"
"3065","US"
"3066","GA"
"3067","OR"
"3068","OR"
"3069","TX"
"3070","TX"
"3071","US"
"3072","KS"
"3073","MN"
"3074",NA
"3075","Ca"
"3076","Mc"
"3077","VA"
"3078","NY"
"3079","No"
"3080","72"
"3081","72"
"3082","CT"
"3083","OK"
"3084","KS"
"3085","CA"
"3086","CA"
"3087","MO"
"3088","MN"
"3089",NA
"3090","Bo"
"3091","CA"
"3092","KS"
"3093","NC"
"3094","TN"
"3095","KS"
"3096","AK"
"3097","IA"
"3098","GA"
"3099","Mc"
"3100","CA"
"3101","AR"
"3102","CA"
"3103","KS"
"3104","KS"
"3105","Au"
"3106","NC"
"3107","CA"
"3108","Me"
"3109","Me"
"3110","DC"
"3111","78"
"3112","KS"
"3113","KS"
"3114","ON"
"3115","MD"
"3116","MA"
"3117","KS"
"3118","NE"
"3119","Q."
"3120","KS"
"3121","KS"
"3122","CA"
"3123","Zo"
"3124","UK"
"3125","US"
"3126","KS"
"3127","KS"
"3128","US"
"3129","CA"
"3130","CA"
"3131","CA"
"3132","CA"
"3133","KS"
"3134",NA
"3135","CO"
"3136","IL"
"3137","UT"
"3138","OR"
"3139","TX"
"3140","27"
"3141","NY"
"3142","NY"
"3143","Ch"
"3144","NY"
"3145","NV"
"3146","85"
"3147","KY"
"3148","MO"
"3149","85"
"3150","OK"
"3151","CA"
"3152","KS"
"3153","KS"
"3154","US"
"3155","OK"
"3156","KS"
"3157","MT"
"3158","KS"
"3159","76"
"3160","76"
"3161","76"
"3162","76"
"3163","KY"
"3164","NY"
"3165","NY"
"3166","31"
"3167","MD"
"3168","GA"
"3169","NL"
"3170","MA"
"3171","45"
"3172","Me"
"3173","US"
"3174","AB"
"3175","NY"
"3176","Me"
"3177","39"
"3178","AR"
"3179","KS"
"3180","Me"
"3181","Me"
"3182","Ac"
"3183","CT"
"3184","45"
"3185","WA"
"3186","Oa"
"3187","Sa"
"3188","AL"
"3189","CA"
"3190","Oa"
"3191","WA"
"3192","US"
"3193","90"
"3194","DC"
"3195","DC"
"3196","DC"
"3197","NY"
"3198","KS"
"3199","KS"
"3200","Sa"
"3201","CO"
"3202","St"
"3203","Fr"
"3204","50"
"3205","PA"
"3206","34"
"3207","MA"
"3208","CA"
"3209","Au"
"3210","MA"
"3211","NE"
"3212","NE"
"3213","Me"
"3214","MD"
"3215","ME"
"3216","37"
"3217","37"
"3218","Se"
"3219","Se"
"3220","MN"
"3221","45"
"3222","45"
"3223","94"
"3224",NA
"3225","MA"
"3226","MA"
"3227","MA"
"3228","PA"
"3229","PA"
"3230",NA
"3231","CA"
"3232","MA"
"3233","42"
"3234","UT"
"3235","MA"
"3236","OH"
"3237","KS"
"3238","Ca"
"3239","CA"
"3240","It"
"3241","MA"
"3242","MA"
"3243","UK"
"3244","Sw"
"3245","67"
"3246","LA"
"3247","77"
"3248","KS"
"3249","CA"
"3250","CA"
"3251","KS"
"3252","Sa"
"3253","78"
"3254","KS"
"3255","IL"
"3256","IL"
"3257","23"
"3258","OK"
"3259","GA"
"3260","Il"
"3261","Ig"
"3262","33"
"3263","72"
"3264","OH"
"3265","MA"
"3266","VA"
"3267","FL"
"3268","TX"
"3269","AZ"
"3270","CA"
"3271","CA"
"3272","78"
"3273","66"
"3274","MI"
"3275","MI"
"3276","Co"
"3277","TX"
"3278","Ac"
"3279","45"
"3280","NY"
"3281",NA
"3282",NA
"3283","NE"
"3284","Zo"
"3285","IA"
"3286","KS"
"3287",NA
"3288","Me"
"3289","SC"
"3290","KS"
"3291","TX"
"3292","Me"
"3293","Me"
"3294","78"
"3295","MA"
"3296","NY"
"3297",NA
"3298","MA"
"3299","CA"
"3300","US"
"3301","CA"
"3302","KY"
"3303","DC"
"3304","OR"
"3305","OR"
"3306","MD"
"3307","45"
"3308","OK"
"3309",NA
"3310","78"
"3311","TX"
"3312","He"
"3313","90"
"3314","Me"
"3315","UK"
"3316","St"
"3317","US"
"3318","KY"
"3319",NA
"3320",NA
"3321","KS"
"3322","PA"
"3323","KS"
"3324","KS"
"3325","TX"
"3326","Xa"
"3327","IA"
"3328","ND"
"3329","Mi"
"3330","KS"
"3331","NY"
"3332","Sa"
"3333","US"
"3334","KS"
"3335","Sa"
"3336","TX"
"3337","CA"
"3338","OH"
"3339","OH"
"3340","TX"
"3341","TX"
"3342","Me"
"3343","At"
"3344","US"
"3345","OH"
"3346","OH"
"3347","36"
"3348","CA"
"3349","NY"
"3350","US"
"3351","TN"
"3352","Me"
"3353","ON"
"3354","RI"
"3355","CA"
"3356","42"
"3357","44"
"3358","MI"
"3359","88"
"3360","Ce"
"3361","TX"
"3362","US"
"3363","55"
"3364","90"
"3365","TX"
"3366","Tu"
"3367","90"
"3368","St"
"3369","MA"
"3370",NA
"3371",NA
"3372","Xa"
"3373","Xa"
"3374","KS"
"3375",NA
"3376","TN"
"3377","OH"
"3378","OK"
"3379","US"
"3380","CA"
"3381","CA"
"3382","AL"
"3383","78"
"3384","78"
"3385","QC"
"3386","QC"
"3387","Re"
"3388","Ta"
"3389","US"
"3390","Ta"
"3391","IL"
"3392","NC"
"3393","Xa"
"3394","TN"
"3395","NY"
"3396","91"
"3397","91"
"3398","Xa"
"3399","BC"
"3400","Xa"
"3401","Xa"
"3402","Xa"
"3403","Xa"
"3404","MO"
"3405","He"
"3406","US"
"3407","MA"
"3408","MA"
"3409","WA"
"3410","WA"
"3411","NY"
"3412","Xa"
"3413","MI"
"3414","IL"
"3415","Ne"
"3416","MA"
"3417","CA"
"3418","SD"
"3419","NY"
"3420","KS"
"3421","WV"
"3422","MO"
"3423","KS"
"3424","TN"
"3425","88"
"3426","KY"
"3427","MI"
"3428","MI"
"3429","34"
"3430","Ca"
"3431","Xa"
"3432","MO"
"3433","St"
"3434","St"
"3435","MO"
"3436","NJ"
"3437","VA"
"3438","KS"
"3439","91"
"3440","TN"
"3441","NJ"
"3442","Xa"
"3443","Ch"
"3444","KS"
"3445","NC"
"3446","NE"
"3447","US"
"3448","UT"
"3449","TX"
"3450","Au"
"3451","NY"
"3452",NA
"3453","AZ"
"3454",NA
"3455","SC"
"3456","Po"
"3457","Po"
"3458","WI"
"3459","US"
"3460","PA"
"3461","PA"
"3462","It"
"3463","IL"
"3464","KS"
"3465","Sa"
"3466",NA
"3467","CA"
"3468","NY"
"3469","NY"
"3470","Ca"
"3471","UK"
"3472","28"
"3473","NH"
"3474","Se"
"3475","ON"
"3476","CA"
"3477","54"
"3478","NY"
"3479","CA"
"3480","US"
"3481","KS"
"3482","MN"
"3483","CA"
"3484","WA"
"3485","KS"
"3486","Wi"
"3487","CA"
"3488","MI"
"3489","ON"
"3490","ON"
"3491","ON"
"3492",NA
"3493","MA"
"3494","OR"
"3495","78"
"3496","Me"
"3497","CA"
"3498","US"
"3499","78"
"3500","WI"
"3501","WI"
"3502","Mc"
"3503","76"
"3504","DC"
"3505","Ce"
"3506","KS"
"3507","OH"
"3508","TN"
"3509","TN"
"3510","Me"
"3511","42"
"3512","42"
"3513","42"
"3514","42"
"3515","42"
"3516","42"
"3517","42"
"3518","AZ"
"3519","FL"
"3520","CA"
"3521","Sa"
"3522","Sa"
"3523","VT"
"3524","IA"
"3525","NY"
"3526","26"
"3527","MA"
"3528","62"
"3529","IN"
"3530","Ce"
"3531","MA"
"3532","NY"
"3533","NY"
"3534","NY"
"3535","MN"
"3536","Ta"
"3537","US"
"3538","AZ"
"3539","27"
"3540","27"
"3541","78"
"3542","78"
"3543","62"
"3544","Me"
"3545","62"
"3546","MA"
"3547","TN"
"3548","78"
"3549","78"
"3550","78"
"3551","42"
"3552","Pa"
"3553","Me"
"3554","OK"
"3555",NA
"3556","US"
"3557","KS"
"3558",NA
"3559","OH"
"3560","Sa"
"3561","Ja"
"3562","ON"
"3563","ON"
"3564","NY"
"3565","42"
"3566","Ic"
"3567","OH"
"3568","67"
"3569","72"
"3570","St"
"3571","St"
"3572","GA"
"3573","GA"
"3574","62"
"3575","WV"
"3576","20"
"3577","Se"
"3578","WI"
"3579","94"
"3580","62"
"3581","ON"
"3582","MD"
"3583","IL"
"3584","MD"
"3585","72"
"3586","Ky"
"3587","VA"
"3588","VA"
"3589","KS"
"3590","IL"
"3591","CA"
"3592","TX"
"3593","OR"
"3594","MA"
"3595","KS"
"3596","Sa"
"3597","NY"
"3598","MA"
"3599",NA
"3600","PA"
"3601","CA"
"3602","CA"
"3603","MO"
"3604","MO"
"3605","CA"
"3606","KS"
"3607","NY"
"3608","MA"
"3609","MA"
"3610","Me"
"3611","NJ"
"3612","IN"
"3613","AB"
"3614","WV"
"3615","WI"
"3616","PA"
"3617","St"
"3618","22"
"3619","CA"
"3620","ON"
"3621","Me"
"3622","OH"
"3623","AZ"
"3624","Bd"
"3625","TX"
"3626","PA"
"3627","MO"
"3628","Au"
"3629","AB"
"3630","Ca"
"3631","AB"
"3632","NY"
"3633","NC"
"3634",NA
"3635","Me"
"3636","78"
"3637","KY"
"3638","MT"
"3639","Sl"
"3640","Cd"
"3641","Mi"
"3642",NA
"3643","KS"
"3644","MN"
"3645","MO"
"3646","AB"
"3647","TX"
"3648","WA"
"3649","Ca"
"3650","Me"
"3651","TX"
"3652","27"
"3653","Fo"
"3654","MA"
"3655","AB"
"3656","AB"
"3657","AB"
"3658","KS"
"3659","WI"
"3660","NJ"
"3661","KS"
"3662","US"
"3663","59"
"3664","00"
"3665","MO"
"3666","Se"
"3667","Se"
"3668","WI"
"3669","WV"
"3670","US"
"3671","NY"
"3672","NJ"
"3673","NC"
"3674","NY"
"3675","NY"
"3676","MD"
"3677","PA"
"3678","Ja"
"3679","MO"
"3680","KS"
"3681","Me"
"3682","CA"
"3683","MA"
"3684","KS"
"3685","CT"
"3686","Pa"
"3687","Me"
"3688","MA"
"3689","UK"
"3690","MA"
"3691","CT"
"3692","MA"
"3693",NA
"3694","US"
"3695","US"
"3696","TX"
"3697","MD"
"3698","NY"
"3699","UK"
"3700","IL"
"3701","CO"
"3702","PA"
"3703","US"
"3704","80"
"3705","OK"
"3706","KY"
"3707","IL"
"3708","OH"
"3709","NY"
"3710","CA"
"3711","OR"
"3712","TN"
"3713","TX"
"3714",NA
"3715",NA
"3716",NA
"3717","Ja"
"3718","KS"
"3719","CA"
"3720","CA"
"3721","TN"
"3722","US"
"3723","TX"
"3724","TX"
"3725","DC"
"3726","US"
"3727",NA
"3728","MA"
"3729","UK"
"3730","CO"
"3731","CO"
"3732","CO"
"3733","IA"
"3734","PA"
"3735","TX"
"3736","CA"
"3737","NY"
"3738","CA"
"3739","KS"
"3740","76"
"3741","IL"
"3742","US"
"3743","KS"
"3744","60"
"3745",NA
"3746","VA"
"3747","NC"
"3748",NA
